Device,Test Name,Test Status,Message(s),Test description,Test category
dc1-leaf1,VerifyInterfaceDiscards,failure,Interface: Management1 - Non-zero discard counter(s): inDiscards: 115,Verifies that the interfaces packet discard counters are equal to zero.,Interfaces
dc1-leaf1,VerifyInterfacesStatus,failure,"Interface: Port-Channel1 - Status mismatch - Expected: up/up, Actual: down/lowerLayerDown",Verifies the operational states of specified interfaces to ensure they match expected configurations.,Interfaces
dc1-leaf1,VerifyPortChannels,failure,"Interface: Port-Channel1 - Inactive port(s) - Ethernet1, PeerEthernet1",Verifies there are no inactive ports in port channels.,Interfaces
dc1-leaf1,VerifyMlagInterfaces,failure,MLAG status is not ok - Inactive Ports: 1 Partial Active Ports: 0,Verifies there are no inactive or active-partial MLAG ports.,MLAG
dc1-leaf1,VerifyNTP,failure,NTP status mismatch - Expected: synchronised Actual: unsynchronised,Verifies if NTP is synchronised.,System
dc1-leaf2,VerifyInterfaceDiscards,failure,Interface: Management1 - Non-zero discard counter(s): inDiscards: 112,Verifies that the interfaces packet discard counters are equal to zero.,Interfaces
dc1-leaf2,VerifyInterfacesStatus,failure,"Interface: Port-Channel1 - Status mismatch - Expected: up/up, Actual: down/lowerLayerDown",Verifies the operational states of specified interfaces to ensure they match expected configurations.,Interfaces
dc1-leaf2,VerifyPortChannels,failure,"Interface: Port-Channel1 - Inactive port(s) - Ethernet1, PeerEthernet1",Verifies there are no inactive ports in port channels.,Interfaces
dc1-leaf2,VerifyMlagInterfaces,failure,MLAG status is not ok - Inactive Ports: 1 Partial Active Ports: 0,Verifies there are no inactive or active-partial MLAG ports.,MLAG
dc1-leaf2,VerifyNTP,failure,NTP status mismatch - Expected: synchronised Actual: unsynchronised,Verifies if NTP is synchronised.,System
dc1-leaf3,VerifyInterfaceDiscards,failure,Interface: Management1 - Non-zero discard counter(s): inDiscards: 110,Verifies that the interfaces packet discard counters are equal to zero.,Interfaces
dc1-leaf3,VerifyInterfacesStatus,failure,"Interface: Port-Channel1 - Status mismatch - Expected: up/up, Actual: down/lowerLayerDown",Verifies the operational states of specified interfaces to ensure they match expected configurations.,Interfaces
dc1-leaf3,VerifyPortChannels,failure,"Interface: Port-Channel1 - Inactive port(s) - Ethernet1, PeerEthernet1",Verifies there are no inactive ports in port channels.,Interfaces
dc1-leaf3,VerifyMlagInterfaces,failure,MLAG status is not ok - Inactive Ports: 1 Partial Active Ports: 0,Verifies there are no inactive or active-partial MLAG ports.,MLAG
dc1-leaf3,VerifyNTP,failure,NTP status mismatch - Expected: synchronised Actual: unsynchronised,Verifies if NTP is synchronised.,System
dc1-leaf4,VerifyInterfaceDiscards,failure,Interface: Management1 - Non-zero discard counter(s): inDiscards: 110,Verifies that the interfaces packet discard counters are equal to zero.,Interfaces
dc1-leaf4,VerifyInterfacesStatus,failure,"Interface: Port-Channel1 - Status mismatch - Expected: up/up, Actual: down/lowerLayerDown",Verifies the operational states of specified interfaces to ensure they match expected configurations.,Interfaces
dc1-leaf4,VerifyPortChannels,failure,"Interface: Port-Channel1 - Inactive port(s) - Ethernet1, PeerEthernet1",Verifies there are no inactive ports in port channels.,Interfaces
dc1-leaf4,VerifyMlagInterfaces,failure,MLAG status is not ok - Inactive Ports: 1 Partial Active Ports: 0,Verifies there are no inactive or active-partial MLAG ports.,MLAG
dc1-leaf4,VerifyNTP,failure,NTP status mismatch - Expected: synchronised Actual: unsynchronised,Verifies if NTP is synchronised.,System
dc1-spine1,VerifyInterfaceDiscards,failure,Interface: Management1 - Non-zero discard counter(s): inDiscards: 100,Verifies that the interfaces packet discard counters are equal to zero.,Interfaces
dc1-spine1,VerifyNTP,failure,NTP status mismatch - Expected: synchronised Actual: unsynchronised,Verifies if NTP is synchronised.,System
dc1-spine2,VerifyInterfaceDiscards,failure,Interface: Management1 - Non-zero discard counter(s): inDiscards: 98,Verifies that the interfaces packet discard counters are equal to zero.,Interfaces
dc1-spine2,VerifyNTP,failure,NTP status mismatch - Expected: synchronised Actual: unsynchronised,Verifies if NTP is synchronised.,System
dc1-leaf1,VerifyEnvironmentCooling,skipped,VerifyEnvironmentCooling test is not supported on cEOSLab,Verifies the status of power supply fans and all fan trays.,Hardware
dc1-leaf1,VerifyEnvironmentPower,skipped,VerifyEnvironmentPower test is not supported on cEOSLab,Verifies the power supplies state and input voltage.,Hardware
dc1-leaf1,VerifyEnvironmentSystemCooling,skipped,VerifyEnvironmentSystemCooling test is not supported on cEOSLab,Verifies the device's system cooling status.,Hardware
dc1-leaf1,VerifyInventory,skipped,VerifyInventory test is not supported on cEOSLab,Verifies the physical hardware inventory of the device.,Hardware
dc1-leaf1,VerifyTemperature,skipped,VerifyTemperature test is not supported on cEOSLab,Verifies if the device temperature is within acceptable limits.,Hardware
dc1-leaf1,VerifyTransceiversManufacturers,skipped,VerifyTransceiversManufacturers test is not supported on cEOSLab,Verifies if all the transceivers come from approved manufacturers.,Hardware
dc1-leaf1,VerifyTransceiversTemperature,skipped,VerifyTransceiversTemperature test is not supported on cEOSLab,Verifies if all the transceivers are operating at an acceptable temperature.,Hardware
dc1-leaf2,VerifyEnvironmentCooling,skipped,VerifyEnvironmentCooling test is not supported on cEOSLab,Verifies the status of power supply fans and all fan trays.,Hardware
dc1-leaf2,VerifyEnvironmentPower,skipped,VerifyEnvironmentPower test is not supported on cEOSLab,Verifies the power supplies state and input voltage.,Hardware
dc1-leaf2,VerifyEnvironmentSystemCooling,skipped,VerifyEnvironmentSystemCooling test is not supported on cEOSLab,Verifies the device's system cooling status.,Hardware
dc1-leaf2,VerifyInventory,skipped,VerifyInventory test is not supported on cEOSLab,Verifies the physical hardware inventory of the device.,Hardware
dc1-leaf2,VerifyTemperature,skipped,VerifyTemperature test is not supported on cEOSLab,Verifies if the device temperature is within acceptable limits.,Hardware
dc1-leaf2,VerifyTransceiversManufacturers,skipped,VerifyTransceiversManufacturers test is not supported on cEOSLab,Verifies if all the transceivers come from approved manufacturers.,Hardware
dc1-leaf2,VerifyTransceiversTemperature,skipped,VerifyTransceiversTemperature test is not supported on cEOSLab,Verifies if all the transceivers are operating at an acceptable temperature.,Hardware
dc1-leaf3,VerifyEnvironmentCooling,skipped,VerifyEnvironmentCooling test is not supported on cEOSLab,Verifies the status of power supply fans and all fan trays.,Hardware
dc1-leaf3,VerifyEnvironmentPower,skipped,VerifyEnvironmentPower test is not supported on cEOSLab,Verifies the power supplies state and input voltage.,Hardware
dc1-leaf3,VerifyEnvironmentSystemCooling,skipped,VerifyEnvironmentSystemCooling test is not supported on cEOSLab,Verifies the device's system cooling status.,Hardware
dc1-leaf3,VerifyInventory,skipped,VerifyInventory test is not supported on cEOSLab,Verifies the physical hardware inventory of the device.,Hardware
dc1-leaf3,VerifyTemperature,skipped,VerifyTemperature test is not supported on cEOSLab,Verifies if the device temperature is within acceptable limits.,Hardware
dc1-leaf3,VerifyTransceiversManufacturers,skipped,VerifyTransceiversManufacturers test is not supported on cEOSLab,Verifies if all the transceivers come from approved manufacturers.,Hardware
dc1-leaf3,VerifyTransceiversTemperature,skipped,VerifyTransceiversTemperature test is not supported on cEOSLab,Verifies if all the transceivers are operating at an acceptable temperature.,Hardware
dc1-leaf4,VerifyEnvironmentCooling,skipped,VerifyEnvironmentCooling test is not supported on cEOSLab,Verifies the status of power supply fans and all fan trays.,Hardware
dc1-leaf4,VerifyEnvironmentPower,skipped,VerifyEnvironmentPower test is not supported on cEOSLab,Verifies the power supplies state and input voltage.,Hardware
dc1-leaf4,VerifyEnvironmentSystemCooling,skipped,VerifyEnvironmentSystemCooling test is not supported on cEOSLab,Verifies the device's system cooling status.,Hardware
dc1-leaf4,VerifyInventory,skipped,VerifyInventory test is not supported on cEOSLab,Verifies the physical hardware inventory of the device.,Hardware
dc1-leaf4,VerifyTemperature,skipped,VerifyTemperature test is not supported on cEOSLab,Verifies if the device temperature is within acceptable limits.,Hardware
dc1-leaf4,VerifyTransceiversManufacturers,skipped,VerifyTransceiversManufacturers test is not supported on cEOSLab,Verifies if all the transceivers come from approved manufacturers.,Hardware
dc1-leaf4,VerifyTransceiversTemperature,skipped,VerifyTransceiversTemperature test is not supported on cEOSLab,Verifies if all the transceivers are operating at an acceptable temperature.,Hardware
dc1-spine1,VerifyEnvironmentCooling,skipped,VerifyEnvironmentCooling test is not supported on cEOSLab,Verifies the status of power supply fans and all fan trays.,Hardware
dc1-spine1,VerifyEnvironmentPower,skipped,VerifyEnvironmentPower test is not supported on cEOSLab,Verifies the power supplies state and input voltage.,Hardware
dc1-spine1,VerifyEnvironmentSystemCooling,skipped,VerifyEnvironmentSystemCooling test is not supported on cEOSLab,Verifies the device's system cooling status.,Hardware
dc1-spine1,VerifyInventory,skipped,VerifyInventory test is not supported on cEOSLab,Verifies the physical hardware inventory of the device.,Hardware
dc1-spine1,VerifyTemperature,skipped,VerifyTemperature test is not supported on cEOSLab,Verifies if the device temperature is within acceptable limits.,Hardware
dc1-spine1,VerifyTransceiversManufacturers,skipped,VerifyTransceiversManufacturers test is not supported on cEOSLab,Verifies if all the transceivers come from approved manufacturers.,Hardware
dc1-spine1,VerifyTransceiversTemperature,skipped,VerifyTransceiversTemperature test is not supported on cEOSLab,Verifies if all the transceivers are operating at an acceptable temperature.,Hardware
dc1-spine2,VerifyEnvironmentCooling,skipped,VerifyEnvironmentCooling test is not supported on cEOSLab,Verifies the status of power supply fans and all fan trays.,Hardware
dc1-spine2,VerifyEnvironmentPower,skipped,VerifyEnvironmentPower test is not supported on cEOSLab,Verifies the power supplies state and input voltage.,Hardware
dc1-spine2,VerifyEnvironmentSystemCooling,skipped,VerifyEnvironmentSystemCooling test is not supported on cEOSLab,Verifies the device's system cooling status.,Hardware
dc1-spine2,VerifyInventory,skipped,VerifyInventory test is not supported on cEOSLab,Verifies the physical hardware inventory of the device.,Hardware
dc1-spine2,VerifyTemperature,skipped,VerifyTemperature test is not supported on cEOSLab,Verifies if the device temperature is within acceptable limits.,Hardware
dc1-spine2,VerifyTransceiversManufacturers,skipped,VerifyTransceiversManufacturers test is not supported on cEOSLab,Verifies if all the transceivers come from approved manufacturers.,Hardware
dc1-spine2,VerifyTransceiversTemperature,skipped,VerifyTransceiversTemperature test is not supported on cEOSLab,Verifies if all the transceivers are operating at an acceptable temperature.,Hardware
dc1-leaf1,VerifyBGPPeerSession,success,,Verifies the session state of BGP peers.,BGP
dc1-leaf1,VerifyRunningConfigDiffs,success,,Verifies there is no difference between the running-config and the startup-config.,Configuration
dc1-leaf1,VerifyZeroTouch,success,,Verifies ZeroTouch is disabled.,Configuration
dc1-leaf1,VerifyLLDPNeighbors,success,,Verifies the connection status of the specified LLDP (Link Layer Discovery Protocol) neighbors.,Connectivity
dc1-leaf1,VerifyReachability,success,,Verifies point-to-point reachability between Ethernet interfaces.,Connectivity
dc1-leaf1,VerifyIllegalLACP,success,,Verifies there are no illegal LACP packets in port channels.,Interfaces
dc1-leaf1,VerifyInterfaceErrDisabled,success,,Verifies there are no interfaces in the errdisabled state.,Interfaces
dc1-leaf1,VerifyInterfaceErrors,success,,Verifies that the interfaces error counters are equal to zero.,Interfaces
dc1-leaf1,VerifyInterfaceUtilization,success,,Verifies that the utilization of interfaces is below a certain threshold.,Interfaces
dc1-leaf1,VerifyMlagConfigSanity,success,,Verifies there are no MLAG config-sanity inconsistencies.,MLAG
dc1-leaf1,VerifyMlagStatus,success,,Verifies the health status of the MLAG configuration.,MLAG
dc1-leaf1,VerifyRoutingProtocolModel,success,,Verifies the configured routing protocol model.,Routing
dc1-leaf1,VerifySTPCounters,success,,Verifies there is no errors in STP BPDU packets.,STP
dc1-leaf1,VerifyAgentLogs,success,,Verifies there are no agent crash reports.,System
dc1-leaf1,VerifyCoredump,success,,Verifies there are no core dump files.,System
dc1-leaf1,VerifyFileSystemUtilization,success,,Verifies that no partition is utilizing more than 75% of its disk space.,System
dc1-leaf1,VerifyMaintenance,success,,Verifies that the device is not currently under or entering maintenance.,System
dc1-leaf1,VerifyMemoryUtilization,success,,Verifies whether the memory utilization is below 75%.,System
dc1-leaf1,VerifyReloadCause,success,,Verifies the last reload cause of the device.,System
dc1-leaf1,VerifyVxlanConfigSanity,success,,Verifies there are no VXLAN config-sanity inconsistencies.,VXLAN
dc1-leaf2,VerifyBGPPeerSession,success,,Verifies the session state of BGP peers.,BGP
dc1-leaf2,VerifyRunningConfigDiffs,success,,Verifies there is no difference between the running-config and the startup-config.,Configuration
dc1-leaf2,VerifyZeroTouch,success,,Verifies ZeroTouch is disabled.,Configuration
dc1-leaf2,VerifyLLDPNeighbors,success,,Verifies the connection status of the specified LLDP (Link Layer Discovery Protocol) neighbors.,Connectivity
dc1-leaf2,VerifyReachability,success,,Verifies point-to-point reachability between Ethernet interfaces.,Connectivity
dc1-leaf2,VerifyIllegalLACP,success,,Verifies there are no illegal LACP packets in port channels.,Interfaces
dc1-leaf2,VerifyInterfaceErrDisabled,success,,Verifies there are no interfaces in the errdisabled state.,Interfaces
dc1-leaf2,VerifyInterfaceErrors,success,,Verifies that the interfaces error counters are equal to zero.,Interfaces
dc1-leaf2,VerifyInterfaceUtilization,success,,Verifies that the utilization of interfaces is below a certain threshold.,Interfaces
dc1-leaf2,VerifyMlagConfigSanity,success,,Verifies there are no MLAG config-sanity inconsistencies.,MLAG
dc1-leaf2,VerifyMlagStatus,success,,Verifies the health status of the MLAG configuration.,MLAG
dc1-leaf2,VerifyRoutingProtocolModel,success,,Verifies the configured routing protocol model.,Routing
dc1-leaf2,VerifySTPCounters,success,,Verifies there is no errors in STP BPDU packets.,STP
dc1-leaf2,VerifyAgentLogs,success,,Verifies there are no agent crash reports.,System
dc1-leaf2,VerifyCoredump,success,,Verifies there are no core dump files.,System
dc1-leaf2,VerifyFileSystemUtilization,success,,Verifies that no partition is utilizing more than 75% of its disk space.,System
dc1-leaf2,VerifyMaintenance,success,,Verifies that the device is not currently under or entering maintenance.,System
dc1-leaf2,VerifyMemoryUtilization,success,,Verifies whether the memory utilization is below 75%.,System
dc1-leaf2,VerifyReloadCause,success,,Verifies the last reload cause of the device.,System
dc1-leaf2,VerifyVxlanConfigSanity,success,,Verifies there are no VXLAN config-sanity inconsistencies.,VXLAN
dc1-leaf3,VerifyBGPPeerSession,success,,Verifies the session state of BGP peers.,BGP
dc1-leaf3,VerifyRunningConfigDiffs,success,,Verifies there is no difference between the running-config and the startup-config.,Configuration
dc1-leaf3,VerifyZeroTouch,success,,Verifies ZeroTouch is disabled.,Configuration
dc1-leaf3,VerifyLLDPNeighbors,success,,Verifies the connection status of the specified LLDP (Link Layer Discovery Protocol) neighbors.,Connectivity
dc1-leaf3,VerifyReachability,success,,Verifies point-to-point reachability between Ethernet interfaces.,Connectivity
dc1-leaf3,VerifyIllegalLACP,success,,Verifies there are no illegal LACP packets in port channels.,Interfaces
dc1-leaf3,VerifyInterfaceErrDisabled,success,,Verifies there are no interfaces in the errdisabled state.,Interfaces
dc1-leaf3,VerifyInterfaceErrors,success,,Verifies that the interfaces error counters are equal to zero.,Interfaces
dc1-leaf3,VerifyInterfaceUtilization,success,,Verifies that the utilization of interfaces is below a certain threshold.,Interfaces
dc1-leaf3,VerifyMlagConfigSanity,success,,Verifies there are no MLAG config-sanity inconsistencies.,MLAG
dc1-leaf3,VerifyMlagStatus,success,,Verifies the health status of the MLAG configuration.,MLAG
dc1-leaf3,VerifyRoutingProtocolModel,success,,Verifies the configured routing protocol model.,Routing
dc1-leaf3,VerifySTPCounters,success,,Verifies there is no errors in STP BPDU packets.,STP
dc1-leaf3,VerifyAgentLogs,success,,Verifies there are no agent crash reports.,System
dc1-leaf3,VerifyCoredump,success,,Verifies there are no core dump files.,System
dc1-leaf3,VerifyFileSystemUtilization,success,,Verifies that no partition is utilizing more than 75% of its disk space.,System
dc1-leaf3,VerifyMaintenance,success,,Verifies that the device is not currently under or entering maintenance.,System
dc1-leaf3,VerifyMemoryUtilization,success,,Verifies whether the memory utilization is below 75%.,System
dc1-leaf3,VerifyReloadCause,success,,Verifies the last reload cause of the device.,System
dc1-leaf3,VerifyVxlanConfigSanity,success,,Verifies there are no VXLAN config-sanity inconsistencies.,VXLAN
dc1-leaf4,VerifyBGPPeerSession,success,,Verifies the session state of BGP peers.,BGP
dc1-leaf4,VerifyRunningConfigDiffs,success,,Verifies there is no difference between the running-config and the startup-config.,Configuration
dc1-leaf4,VerifyZeroTouch,success,,Verifies ZeroTouch is disabled.,Configuration
dc1-leaf4,VerifyLLDPNeighbors,success,,Verifies the connection status of the specified LLDP (Link Layer Discovery Protocol) neighbors.,Connectivity
dc1-leaf4,VerifyReachability,success,,Verifies point-to-point reachability between Ethernet interfaces.,Connectivity
dc1-leaf4,VerifyIllegalLACP,success,,Verifies there are no illegal LACP packets in port channels.,Interfaces
dc1-leaf4,VerifyInterfaceErrDisabled,success,,Verifies there are no interfaces in the errdisabled state.,Interfaces
dc1-leaf4,VerifyInterfaceErrors,success,,Verifies that the interfaces error counters are equal to zero.,Interfaces
dc1-leaf4,VerifyInterfaceUtilization,success,,Verifies that the utilization of interfaces is below a certain threshold.,Interfaces
dc1-leaf4,VerifyMlagConfigSanity,success,,Verifies there are no MLAG config-sanity inconsistencies.,MLAG
dc1-leaf4,VerifyMlagStatus,success,,Verifies the health status of the MLAG configuration.,MLAG
dc1-leaf4,VerifyRoutingProtocolModel,success,,Verifies the configured routing protocol model.,Routing
dc1-leaf4,VerifySTPCounters,success,,Verifies there is no errors in STP BPDU packets.,STP
dc1-leaf4,VerifyAgentLogs,success,,Verifies there are no agent crash reports.,System
dc1-leaf4,VerifyCoredump,success,,Verifies there are no core dump files.,System
dc1-leaf4,VerifyFileSystemUtilization,success,,Verifies that no partition is utilizing more than 75% of its disk space.,System
dc1-leaf4,VerifyMaintenance,success,,Verifies that the device is not currently under or entering maintenance.,System
dc1-leaf4,VerifyMemoryUtilization,success,,Verifies whether the memory utilization is below 75%.,System
dc1-leaf4,VerifyReloadCause,success,,Verifies the last reload cause of the device.,System
dc1-leaf4,VerifyVxlanConfigSanity,success,,Verifies there are no VXLAN config-sanity inconsistencies.,VXLAN
dc1-spine1,VerifyBGPPeerSession,success,,Verifies the session state of BGP peers.,BGP
dc1-spine1,VerifyRunningConfigDiffs,success,,Verifies there is no difference between the running-config and the startup-config.,Configuration
dc1-spine1,VerifyZeroTouch,success,,Verifies ZeroTouch is disabled.,Configuration
dc1-spine1,VerifyLLDPNeighbors,success,,Verifies the connection status of the specified LLDP (Link Layer Discovery Protocol) neighbors.,Connectivity
dc1-spine1,VerifyReachability,success,,Verifies point-to-point reachability between Ethernet interfaces.,Connectivity
dc1-spine1,VerifyInterfaceErrDisabled,success,,Verifies there are no interfaces in the errdisabled state.,Interfaces
dc1-spine1,VerifyInterfaceErrors,success,,Verifies that the interfaces error counters are equal to zero.,Interfaces
dc1-spine1,VerifyInterfaceUtilization,success,,Verifies that the utilization of interfaces is below a certain threshold.,Interfaces
dc1-spine1,VerifyInterfacesStatus,success,,Verifies the operational states of specified interfaces to ensure they match expected configurations.,Interfaces
dc1-spine1,VerifyRoutingProtocolModel,success,,Verifies the configured routing protocol model.,Routing
dc1-spine1,VerifySTPCounters,success,,Verifies there is no errors in STP BPDU packets.,STP
dc1-spine1,VerifyAgentLogs,success,,Verifies there are no agent crash reports.,System
dc1-spine1,VerifyCoredump,success,,Verifies there are no core dump files.,System
dc1-spine1,VerifyFileSystemUtilization,success,,Verifies that no partition is utilizing more than 75% of its disk space.,System
dc1-spine1,VerifyMaintenance,success,,Verifies that the device is not currently under or entering maintenance.,System
dc1-spine1,VerifyMemoryUtilization,success,,Verifies whether the memory utilization is below 75%.,System
dc1-spine1,VerifyReloadCause,success,,Verifies the last reload cause of the device.,System
dc1-spine2,VerifyBGPPeerSession,success,,Verifies the session state of BGP peers.,BGP
dc1-spine2,VerifyRunningConfigDiffs,success,,Verifies there is no difference between the running-config and the startup-config.,Configuration
dc1-spine2,VerifyZeroTouch,success,,Verifies ZeroTouch is disabled.,Configuration
dc1-spine2,VerifyLLDPNeighbors,success,,Verifies the connection status of the specified LLDP (Link Layer Discovery Protocol) neighbors.,Connectivity
dc1-spine2,VerifyReachability,success,,Verifies point-to-point reachability between Ethernet interfaces.,Connectivity
dc1-spine2,VerifyInterfaceErrDisabled,success,,Verifies there are no interfaces in the errdisabled state.,Interfaces
dc1-spine2,VerifyInterfaceErrors,success,,Verifies that the interfaces error counters are equal to zero.,Interfaces
dc1-spine2,VerifyInterfaceUtilization,success,,Verifies that the utilization of interfaces is below a certain threshold.,Interfaces
dc1-spine2,VerifyInterfacesStatus,success,,Verifies the operational states of specified interfaces to ensure they match expected configurations.,Interfaces
dc1-spine2,VerifyRoutingProtocolModel,success,,Verifies the configured routing protocol model.,Routing
dc1-spine2,VerifySTPCounters,success,,Verifies there is no errors in STP BPDU packets.,STP
dc1-spine2,VerifyAgentLogs,success,,Verifies there are no agent crash reports.,System
dc1-spine2,VerifyCoredump,success,,Verifies there are no core dump files.,System
dc1-spine2,VerifyFileSystemUtilization,success,,Verifies that no partition is utilizing more than 75% of its disk space.,System
dc1-spine2,VerifyMaintenance,success,,Verifies that the device is not currently under or entering maintenance.,System
dc1-spine2,VerifyMemoryUtilization,success,,Verifies whether the memory utilization is below 75%.,System
dc1-spine2,VerifyReloadCause,success,,Verifies the last reload cause of the device.,System
